customer_id,tenure,monthly_charges,total_charges
0013-SMEOE,71,109.7,7904.25
0014-BMAQU,63,84.65,5377.80
0016-QLJIS,65,90.45,5957.90
0017-DINOC,54,45.2,2460.55
0017-IUDMW,72,116.8,8456.75
0019-EFAEP,72,101.3,7261.25
0019-GFNTW,56,45.05,2560.10
0020-INWCK,71,95.75,6849.40
0040-HALCW,54,20.4,1090.60
0042-RLHYP,69,19.7,1396.90
0056-EPFBG,20,39.4,825.40
0057-QBUQH,43,25.1,1070.15
0064-SUDOG,12,20.3,224.50
0071-NDAFP,25,25.5,630.60
0078-XZMHT,72,85.15,6316.20
0106-UGRDO,69,116,8182.85
0114-IGABW,71,58.25,4145.90
0123-CRBRT,61,88.1,5526.75
0136-IFMYD,69,109.95,7634.25
0164-APGRB,72,114.9,8496.70
0164-XAIRP,24,19.55,470.20
0174-QRVVY,71,25.35,1847.55
0181-RITDD,62,108.15,6825.65
0191-EQUUH,25,35.05,844.45
0201-MIBOL,66,102.4,6471.85
0206-OYVOC,46,19.25,864.20
0214-JHPFW,70,57.8,4039.30
0224-NIJLP,8,20.15,165.50
0229-LFJAF,72,69.65,4908.25
0230-WEQUW,66,56.6,3789.20
0238-WHBIQ,72,89.7,6339.30
0244-LGNFY,72,92.65,6733.00
0248-PGHBZ,67,92.45,6140.85
0253-ZTEOB,48,79.65,3870.30
0254-FNMCI,72,109.9,7624.20
0263-FJTQO,50,70.5,3486.65
0264-CNITK,71,20.1,1389.60
0266-CLZKZ,67,105.65,6717.90
0266-GMEAO,72,114.3,8058.55
0270-THENM,72,69.85,5102.35
0277-ORXQS,66,50.55,3364.55
0281-CNTZX,63,19.95,1234.80
0298-XACET,52,50.2,2554.00
0301-FIDRB,72,63.8,4684.30
0301-KOBTQ,32,20.05,614.45
0318-ZOPWS,49,20.15,973.35
0320-DWVTU,53,99.5,5424.25
0323-XWWTN,3,26.4,121.25
0336-KXKFK,72,61.2,4390.25
0336-PIKEI,72,74.4,5360.75
0343-QLUZP,60,39.6,2424.50
0345-XMMUG,46,108.9,4854.30
0354-VXMJC,23,19.6,426.65
0356-OBMAC,56,99.9,5706.30
0361-HJRDX,68,64.35,4539.60
0362-RAOQO,40,19.65,830.25
0363-SVHYR,71,86.85,6263.80
0374-FIUCA,65,20.4,1414.45
0378-CJKPV,72,112.1,7965.95
0379-DJQHR,67,81.35,5398.60
0383-CLDDA,69,85.35,5897.40
0386-CWRGM,46,19.4,967.85
0392-BZIUW,72,105,7589.80
0394-YONDK,70,25.15,1790.15
0397-ZXWQF,67,20.5,1430.95
0401-WDBXM,72,105.55,7542.25
0402-OAMEN,72,24.45,1709.10
0404-AHASP,72,19.7,1421.90
0412-UCCNP,55,59.2,3175.85
0420-TXVSG,66,66.1,4428.45
0436-TWFFZ,67,85.25,5714.20
0440-EKDCF,62,60.15,3753.20
0442-TDYUO,48,20.05,1036.00
0454-OKRCT,33,80.6,2651.10
0455-ENTCR,66,85.25,5538.35
0458-HEUZG,13,35.4,450.40
0459-SPZHJ,63,83.5,5435.00
0463-TXOAK,52,25.6,1334.50
0464-WJTKO,72,20.1,1460.85
0479-HMSWA,26,105.45,2715.30
0480-KYJVA,72,24.25,1784.50
0485-ZBSLN,65,24.75,1715.10
0486-LGCCH,11,19.65,225.75
0487-CRLZF,49,74.45,3721.90
0505-SPOOW,70,19.8,1397.65
0506-YLVKJ,46,20.2,917.45
0508-SQWPL,57,20.1,1087.70
0513-RBGPE,37,62.8,2278.75
0526-SXDJP,72,42.1,2962.00
0530-IJVDB,70,114.6,7882.50
0531-XBKMM,66,65.7,4378.90
0536-ACXIP,72,109.55,8165.10
0536-ESJEP,54,74.55,4191.45
0556-FJEGU,58,70.1,4048.95
0559-CKHUS,29,19.55,521.80
0562-FGDCR,72,74.55,5430.65
0562-HKHML,71,23.9,1626.40
0562-KBDVM,70,44.6,3058.15
0567-XRHCU,69,43.95,2960.10
0572-ZJKLT,46,99.65,4630.20
0582-AVCLN,38,20.3,743.05
0602-DDUML,57,69.75,3894.40
0603-TPMIB,59,25.45,1534.05
0604-THJFP,59,75.95,4542.35
0607-DAAHE,53,19.75,1052.35
0608-JDVEC,50,19.8,1013.20
0613-WUXUM,70,19.2,1401.40
0617-AQNWT,64,47.85,3147.50
0619-OLYUR,72,111.9,8071.05
0621-CXBKL,53,18.7,1005.70
0621-JFHOL,10,29.6,299.05
0625-AFOHS,29,20.2,558.80
0626-QXNGV,72,24.15,1776.45
0640-YJTPY,72,21,1493.75
0665-XHDJU,72,99.4,7285.70
0674-GCDXG,63,71.9,4479.20
0675-NCDYU,72,116.4,8543.25
0678-RLHVP,53,105.55,5682.25
0704-VCUMB,61,20.25,1278.80
0707-HOVVN,70,75.5,5212.65
0716-BQNDX,57,93.75,5625.55
0727-BNRLG,69,97.65,6743.55
0730-BGQGF,71,90.3,6287.30
0732-OCQOC,52,25.05,1270.25
0739-UUAJR,72,53.8,3952.45
0742-LAFQK,72,99.15,7422.10
0744-BIKKF,72,86.65,6224.80
0754-EEBDC,4,19.9,76.65
0757-WCUUZ,54,63.35,3409.10
0769-MURVM,72,65.7,4575.35
0771-CHWSK,66,74.6,4798.40
0774-RMNUW,71,59.7,4122.65
0780-XNZFN,57,20.65,1125.60
0784-ZQJZX,72,19.9,1529.65
0794-YVSGE,72,20.3,1401.15
0795-LAFGP,71,90.4,6668.05
0795-XCCTE,72,25.4,1809.35
0813-TAXXS,55,77.8,4323.35
0815-MFZGM,42,99,4135.00
0825-CPPQH,71,19.1,1372.45
0827-ITJPH,36,18.55,689.00
0831-JNISG,71,19.8,1396.25
0835-JKADZ,71,111.25,7984.15
0839-JTCUD,66,89.9,5958.85
0839-QNXME,30,19.4,578.50
0847-HGRML,62,20,1250.10
0848-SOMKO,70,48.4,3442.80
0853-TWRVK,72,105.6,7581.50
0854-UYHZD,13,19.55,265.30
0862-PRCBS,68,103.75,7039.45
0868-VJRDR,64,104.05,6605.55
0885-HMGPY,62,69.4,4237.50
0895-UADGO,8,44.55,343.45
0902-XKXPN,69,20.2,1376.50
0906-QVPMS,72,115.15,8349.45
0907-HQNTS,70,113,7987.60
0909-SELIE,61,80.8,4860.85
0916-KNFAJ,61,69.9,4226.70
0917-EZOLA,72,104.15,7689.95
0932-YIXYU,47,20.25,1029.80
0936-NQLJU,41,20.65,875.55
0942-KOWSM,30,80.8,2369.30
0945-TSONX,47,85.3,4107.25
0960-HUWBM,65,104.1,6700.05
0962-CQPWQ,62,20.3,1296.15
0971-QIFJK,69,24.25,1641.80
0973-KYVNF,72,70.65,5011.15
0979-MOZQI,62,39,2337.45
0988-AADSA,72,80.85,5824.75
1023-BQXZE,57,74.35,4317.35
1027-LKKQQ,72,80.45,5886.85
1043-UXOVO,71,113.15,7993.30
1043-YCUTE,56,25.15,1327.15
1047-RNXZV,43,19.55,876.15
1052-QJIBV,71,19.9,1397.30
1053-MXTTK,72,108.65,7726.35
1063-DHQJF,69,92.15,6480.90
1073-XXCZD,55,25.7,1443.65
1080-BWSYE,64,25.65,1740.80
1084-MNSMJ,51,85.5,4421.95
1087-GRUYI,38,20.4,743.50
1088-AUUZZ,56,75.85,4261.20
1089-XZWHH,24,19.7,494.05
1090-ESELR,72,105.5,7611.55
1092-WPIVQ,18,25.1,428.45
1093-YSWCA,11,19.55,223.15
1095-WGNGG,61,101.05,5971.25
1098-KFQEC,55,19.4,1083.00
1099-GODLO,1,20.35,20.35
1106-HRLKZ,40,19.6,808.95
1116-DXXDF,39,100.45,3801.70
1116-FRYVH,48,39.4,1978.65
1131-QQZEB,71,23.95,1756.20
1139-WUOAH,57,53.35,3090.05
1150-WFARN,67,108.75,7156.20
1162-ECVII,72,109.75,7932.50
1163-VIPRI,65,109.3,7337.55
1166-PQLGG,72,19.55,1463.45
1167-OYZJF,67,20.05,1263.05
1172-VIYBP,53,69.7,3686.05
1187-WILMM,63,89.4,5597.65
1194-BHJYC,61,62.15,3778.85
1206-EHBDD,56,80.3,4513.65
1207-BLKSA,52,23.05,1255.10
1209-VFFOC,68,56.4,3948.45
1215-EXRMO,50,20.55,1067.65
1221-GHZEP,62,65.1,3846.75
1223-UNPKS,20,20.05,400.00
1227-UDMZR,72,91.15,6637.90
1231-YNDEK,58,19.15,1035.50
1240-HCBOH,67,26.1,1759.55
1241-EZFMJ,61,25.45,1538.60
1241-FPMOF,52,19.65,1025.05
1245-HARPS,14,20.4,292.40
1248-DYXUB,52,24.8,1229.10
1265-BCFEO,71,80.45,5662.25
1265-ZFOSD,64,81.3,5129.30
1266-NZYUI,72,66.85,4758.80
1270-XKUCC,30,19.7,599.25
1271-UODNO,39,53.85,2200.70
1291-CUOCY,72,110.6,7962.20
1293-BSEUN,72,20.7,1482.30
1298-PHBTI,71,84.8,6152.40
1299-AURJA,70,24.7,1685.90
1302-TPUBN,66,19.35,1240.80
1303-SRDOK,55,69.05,3842.60
1304-SEGFY,72,97.85,6841.30
1306-RPWXZ,49,20.45,1024.65
1320-GVNHT,72,108.4,7767.25
1325-USMEC,70,99.35,6944.50
1328-EUZHC,18,20.1,370.50
1335-MXCSE,55,55.25,3119.90
1352-HNSAW,72,115.6,8220.40
1354-YZFNB,4,19.55,68.80
1371-DWPAZ,0,56.05, 
1395-WSWXR,24,20.75,487.05
1399-OUPJN,57,19.75,1272.05
1400-WIVLL,57,107.95,5969.85
1403-GYAFU,70,20.05,1360.25
1407-DIGZV,3,19.1,52.00
1409-PHXTF,54,110.45,6077.75
1414-YADCW,70,84.6,5706.20
1428-IEDPR,52,109.3,5731.40
1431-AIDJQ,33,82.1,2603.10
1447-PJGGA,57,95.25,5464.65
1452-UZOSF,72,106.1,7548.60
1455-HFBXA,52,91.6,4627.80
1459-QNFQT,70,59.5,4144.80
1460-UZPRJ,60,19.95,1258.15
1468-DEFNC,64,24.4,1548.65
1480-BKXGA,72,116.05,8404.90
1488-PBLJN,72,116.85,8477.70
1494-EJZDW,10,20.15,220.80
1498-NHTLT,59,86.75,5186.00
1506-YJTYT,45,73.85,3371.00
1525-LNLOJ,66,63.3,4189.70
1527-SXDPN,52,96.25,4990.25
1535-VTJOQ,24,25.15,553.00
1545-JFUML,71,99,6994.60
1555-DJEQW,70,114.2,7723.90
1555-HAPSU,71,23.9,1663.50
1557-EMYVT,43,115.05,4895.10
1568-BEKZM,70,90.05,6333.40
1568-LJSZU,68,92.2,6392.85
1574-DYCWE,51,19.95,1028.75
1576-PFZIW,70,105.35,7511.90
1591-XWLGB,71,19.85,1379.60
1619-YWUBB,68,24.95,1614.90
1621-YNCJH,36,106.05,3834.40
1627-AFWVJ,29,19.4,554.25
1635-HDGFT,19,20.5,398.55
1635-NZATJ,71,25.45,1789.65
1642-HMARX,68,91.7,6424.70
1657-DYMBM,53,19.9,1110.05
1676-MQAOA,72,75.1,5336.35
1699-TLDLZ,16,19.7,301.55
1699-UOTXU,60,61.4,3638.25
1705-GUHPV,63,24.2,1618.20
1709-EJDOX,47,19.75,948.90
1716-LSAMB,45,54.65,2553.70
1725-IQNIY,54,109.75,6110.20
1734-ZMNTZ,11,25,300.70
1741-WTPON,56,115.85,6567.90
1764-VUUMT,66,19.95,1269.10
1767-CJKBA,66,25.1,1697.70
1775-KWJKQ,72,89.85,6562.90
1779-PWPMG,72,114.65,8333.95
1790-NESIO,13,20.4,261.30
1813-JYWTO,72,80.45,5737.60
1814-WFGVS,72,48.9,3527.00
1820-DJFPH,72,24.05,1709.15
1821-BUCWY,30,55.65,1653.85
1830-GGFNM,65,94.55,6078.75
1830-IPXVJ,61,19.75,1311.60
1832-PEUTS,62,89.1,5411.65
1837-YQUCE,70,58.35,4214.25
1839-FBNFR,39,19.85,854.80
1841-YSJGV,72,109.95,7852.40
1843-TLSGD,13,20.85,272.35
1852-QSWCD,64,24.8,1514.85
1862-QRWPE,48,20.65,1057.00
1891-QRQSA,64,111.6,7099.00
1897-OKVMW,64,90.6,5817.45
1904-WAJAA,24,64.35,1558.65
1926-QUZNN,72,25.25,1841.20
1927-QEWMY,72,20.5,1502.25
1930-QPBVZ,68,95.1,6683.40
1936-CZAKF,49,49.65,2409.90
1936-UAFEH,68,110.25,7279.35
1937-OTUKY,72,98.2,7015.90
1945-XISKS,67,19.65,1335.20
1951-IEYXM,72,90.6,6441.85
1955-IBMMB,59,20.2,1192.30
1960-UOTYM,52,79.2,4016.30
1970-KKFWL,35,23.3,797.10
1971-DTCZB,72,90.95,6468.60
1972-XMUWV,65,59.8,3808.20
1982-FEBTD,23,25.6,514.75
1985-MBRYP,43,19.65,779.25
1987-AUELQ,71,25.05,1873.70
2000-DHJUY,70,92.2,6474.45
2001-EWBQU,60,104.7,6333.80
2001-MCUUW,46,108.65,4903.20
2005-DWQZJ,8,19.05,201.70
2007-QVGAW,68,19.35,1292.65
2017-CCBLH,8,20,141.60
2019-HDCZY,63,102.6,6296.75
2030-BTZRO,6,20.4,107.60
2040-LDIWQ,65,84.2,5324.50
2040-XBAVJ,72,114.45,8100.55
2050-ONYDQ,65,26,1654.85
2057-BOYKM,72,96.6,6827.50
2068-WWXQZ,46,20.05,902.00
2072-ZVJJX,68,25.25,1728.20
2075-PUEPR,55,19.35,1153.25
2077-DDHJK,68,70.9,4911.35
2088-IEBAU,68,88.15,6148.45
2091-GPPIQ,72,78.95,5730.15
2097-YVPKN,65,25.75,1654.75
2121-JAFOM,72,115.55,8312.40
2123-VSCOT,59,72.1,4194.85
2126-GSEGL,70,84.8,5917.55
2138-VFAPZ,14,19.7,263.65
2143-LJULT,67,25.25,1733.15
2146-EGVDT,59,19.3,1192.70
2160-GPFXD,54,65.65,3566.70
2162-FRZAA,63,39.35,2395.05
2167-FQSTQ,72,92.4,6786.10
2169-RRLFW,71,25.6,1888.25
2176-LVPNX,71,89.85,6293.45
2176-OSJUV,71,65.15,4681.75
2181-TIDSV,68,19.95,1303.25
2190-PHBHR,72,94.45,6921.70
2192-CKRLV,72,49.2,3580.95
2192-OZITF,45,73.55,3349.10
2193-SFWQW,72,111.95,8033.10
2194-IIQOF,71,89.3,6388.65
2197-OMWGI,68,53,3656.25
2200-DSAAL,68,80.65,5330.20
2207-RYYRL,52,24.55,1331.05
2208-MPXIO,45,20,886.40
2208-NKVVH,43,24.25,1077.95
2211-RMNHO,68,85.3,5560.00
2223-GDSHL,71,116.05,8297.50
2225-ZRGSG,70,93.9,6579.05
2226-ICFDO,72,85.9,6110.75
2228-BZDEE,54,20.1,1079.45
2229-DPMBI,8,19.5,162.15
2230-XTUWL,48,19.55,883.35
2234-EOFPT,72,79.35,5753.25
2235-EZAIK,72,79.2,5401.90
2236-HILPA,62,20.65,1218.45
2245-ADZFJ,31,80.55,2471.60
2251-PYLPB,72,79.55,5810.90
2252-NKNSI,52,85.15,4461.85
2253-KPMNB,69,46.25,3121.40
2256-YLYLP,68,72.95,4953.25
2263-SFSQZ,51,24.95,1222.25
2266-FUBDZ,15,19.35,278.85
2272-WUSPA,72,110.75,7751.70
2274-XUATA,72,63.1,4685.55
2277-BKJKN,71,99.2,7213.75
2296-DKZFP,65,71,4386.20
2300-RQGOI,38,20.05,741.50
2302-OUZXB,72,82.15,5784.30
2307-FYNNL,65,109.05,7108.20
2314-TNDJQ,72,55.65,3880.05
2323-ARSVR,67,111.05,7321.05
2324-EFHVG,64,104.4,6692.65
2333-KWEWW,18,20.05,388.60
2335-GSODA,23,40.1,857.75
2346-CZYIL,27,20.35,531.60
2346-LOCWC,58,20.5,1191.40
2351-BKRZW,43,75.2,3254.35
2368-GAKKQ,70,113.65,7939.25
2378-YIZKA,68,85,5607.75
2380-DAMQP,72,115.15,8349.70
2384-OVPSA,38,20.2,735.90
2388-LAESQ,72,114.85,8317.95
2400-FEQME,55,20.5,1177.95
2400-XIWIO,71,90.1,6310.90
2404-JIBFC,55,85.1,4657.95
2418-TPEUN,56,19.8,1119.90
2419-FSORS,72,108.4,7719.50
2428-HYUNX,44,19.35,847.25
2429-AYKKO,72,19.85,1434.10
2434-EEVDB,64,94.6,5948.70
2451-YMUXS,67,64.55,4250.10
2452-MRMZF,72,25.7,1937.40
2469-DTSGX,72,111.65,7943.45
2481-SBOYW,61,25,1498.35
2498-XLDZR,32,73.6,2316.85
2499-AJYUA,72,110.8,7882.25
2509-TFPJU,72,25.75,1864.20
2511-ALLCS,35,24.3,821.60
2516-XSJKX,41,78.45,3126.45
2520-SGTTA,0,20, 
2521-NPUZR,70,101,7085.50
2525-GVKQU,60,20.6,1093.00
2530-ENDWQ,71,93.7,6585.35
2530-FMFXO,56,103.2,5873.75
2533-QVMSK,61,94.1,5638.30
2535-PBCGC,70,64.55,4504.90
2545-LXYVJ,72,20.7,1492.10
2560-WBWXF,68,24.15,1498.85
2569-WGERO,72,21.15,1419.40
2578-JQPHZ,44,100.1,4378.35
2580-ASVVY,37,45.4,1593.10
2587-YNLES,6,20.1,100.35
2595-KIWPV,27,19.7,509.30
2599-CIPQE,71,109.3,7782.85
2607-DHDAK,72,19.8,1414.65
2612-PHGOX,64,76.1,4818.80
2616-FLVQC,64,19.55,1240.15
2626-VEEWG,67,19.4,1284.20
2632-IVXVF,68,111.75,7511.30
2632-TACXW,62,23.65,1416.75
2642-MAWLJ,36,20.25,717.95
2649-HWLYB,65,76.15,4929.55
2651-ZCBXV,54,108,5760.65
2661-GKBTK,60,76.95,4543.95
2664-XJZNO,72,104.9,7559.55
2675-IJRGJ,53,19.65,978.00
2676-SSLTO,49,66.15,3199.00
2696-RZVZW,68,25.05,1629.20
2706-QZIHY,15,25.2,387.90
2710-WYVXG,3,71.1,213.35
2718-YSKCS,71,19.6,1387.45
2725-TTRIQ,72,84.2,5986.55
2729-VNVAP,33,19.8,641.35
2753-JMMCV,65,74.2,4805.65
2773-MADBQ,36,53.1,1901.25
2773-OVBPK,67,111.3,7567.20
2775-SEFEE,0,61.9, 
2789-CZANW,64,110.3,6997.30
2796-NNUFI,46,19.95,927.10
2798-NYLMZ,71,108.55,7616.00
2799-TSLAG,65,25.3,1748.55
2804-ETQDK,66,20.55,1357.10
2805-AUFQN,25,19.8,475.20
2808-CHTDM,23,25.1,611.45
2817-LVCPP,50,19.4,1023.95
2824-DXNKN,72,71.45,5025.85
2834-JRTUA,71,108.05,7532.15
2845-KDHVX,64,68.3,4378.80
2848-YXSMW,72,19.4,1363.25
2863-IMQDR,61,89.65,5308.70
2878-RMWXY,72,102.65,7550.30
2882-WDTBA,69,75.75,5388.15
2885-HIJDH,69,86.9,6194.10
2888-ADFAO,47,21.3,1041.80
2892-GESUL,18,19.35,309.25
2900-PHPLN,70,19.55,1462.05
2904-GGUAZ,72,84.05,6052.25
2908-WGAXL,56,24.95,1468.90
2925-VDZHY,72,88.7,6501.35
2927-CVULT,53,104.05,5566.40
2933-XEUJM,46,79.2,3593.80
2954-PIBKO,69,64.15,4254.10
2961-VNFKL,71,25.95,1801.90
2977-CEBSX,66,90.05,5965.95
2984-RGEYA,69,19.75,1375.40
2984-TBYKU,72,104.9,7732.65
2987-BJXIK,70,84.7,5991.05
2988-QRAJY,69,110.05,7430.75
2990-IAJSV,72,92,6632.75
2990-OGYTD,67,86.15,5883.85
2995-YWTCD,19,24.9,467.70
2996-XAUVF,70,40.05,2799.75
2999-AANRQ,21,71.05,1524.85
3022-BEXHZ,67,111.2,7530.80
3027-YNWZU,64,25,1584.80
3050-RLLXC,56,81.25,4620.40
3057-VJJQE,35,55.25,1924.10
3070-BDOQC,60,99.65,5941.05
3070-FNFZQ,23,20.4,478.75
3071-MVJCD,72,82.3,5815.15
3078-ZKNTS,13,19.75,246.70
3082-YVEKW,23,77.15,1759.40
3084-DOWLE,72,92,6474.40
3088-FVYWK,53,25.55,1336.10
3090-HAWSU,61,111.6,6876.05
3096-YXENJ,65,107.65,7082.85
3097-FQTVJ,41,20,810.30
3108-PCCGG,72,84.45,5899.85
3115-CZMZD,0,20.25, 
3118-UHVVQ,68,25.8,1911.50
3120-FAZKD,54,24.05,1230.90
3129-AAQOU,19,25.6,485.90
3133-PZNSR,72,97.75,6991.60
3134-DSHVC,63,98,6218.45
3146-MSEGF,72,88.05,6425.65
3148-AOIQT,69,24.95,1718.35
3154-HMWUU,60,20.5,1198.80
3166-PNEOF,61,86.45,5175.30
3170-NMYVV,50,20.15,930.90
3173-WSSUE,71,19.7,1415.85
3174-AKMAS,46,64.2,3009.50
3186-AJIEK,66,105.65,6844.50
3190-ITQXP,46,20.25,890.35
3192-NQECA,68,110,7611.85
3197-NNYNB,65,105.1,6631.85
3200-MNQTF,67,70.9,4677.10
3212-KXOCR,52,21,1107.20
3213-VVOLG,0,25.35, 
3219-JQRSL,72,89.1,6352.40
3227-WLKLI,65,91.55,5963.95
3230-IUALN,45,81,3533.60
3230-JCNZS,71,99,7061.65
3239-TPHPZ,12,20.05,264.55
3244-CQPHU,72,110.1,7746.70
3249-VHRIP,62,43.6,2748.70
3258-SYSWS,72,113.8,7845.80
3258-ZKPAI,72,116.6,8337.45
3259-FDWOY,71,106,7723.70
3259-KNMRR,57,79.75,4438.20
3259-QMXUN,58,86.1,4890.50
3261-CQXOL,71,25.45,1813.35
3262-EIDHV,72,84.7,5893.90
3266-FTKHB,17,19.15,343.45
3274-NSDWE,68,19.6,1441.65
3279-DYZQM,71,19.45,1378.45
3280-MRDOF,30,69.1,2093.90
3283-WCWXT,6,25.4,153.30
3284-SVCRO,45,25.5,1121.05
3298-QEICA,23,34.6,813.45
3308-DGHKL,69,19.3,1447.90
3308-JSGML,59,64.05,3886.85
3352-RICWQ,9,19.75,210.65
3359-DSRKA,58,19.85,1158.85
3363-DTIVD,71,105.55,7405.50
3373-DIUUN,30,21.25,711.90
3374-TTZTK,52,106.3,5487.00
3389-KTRXV,23,23.85,625.65
3392-EHMNK,67,94.1,6302.80
3396-DKDEL,70,115.15,8250.00
3397-AVTKU,43,60,2548.55
3398-GCPMU,72,89.55,6448.85
3399-BMLVW,51,60.5,3121.45
3400-ESFUW,55,57.55,3046.40
3407-JMJQQ,71,109,7661.80
3410-YOQBQ,31,79.2,2497.20
3428-MMGUB,60,89.55,5231.20
3429-IFLEM,71,77.35,5550.10
3451-VAWLI,35,19.7,730.40
3454-JFUBC,68,20,1396.00
3457-PQBYH,58,20.3,1160.75
3458-IDMFK,25,20.75,499.40
3460-TJBWI,24,24.2,609.05
3470-OBUET,67,74,4868.40
3472-QPRCH,40,25.25,1006.90
3474-BAFSJ,57,57.5,3265.95
3486-HOOGQ,70,79.7,5743.30
3498-LZGQZ,63,19.15,1177.05
3500-NSDOA,68,70.8,4859.95
3507-GASNP,60,19.95,1189.90
3508-CFVZL,71,111.3,7985.90
3508-VLHCZ,71,90.55,6239.05
3511-BFTJW,72,38.5,2763.00
3512-IZIKN,70,65.3,4759.75
3518-FSTWG,72,109.55,7920.70
3520-FJGCV,72,112.6,8126.65
3521-HTQTV,34,26.1,980.35
3525-DVKFN,17,19.4,358.05
3533-UVMOM,68,70.95,4741.45
3544-FBCAS,72,83.6,5959.30
3546-GHEAE,7,19.45,165.35
3549-ZTMNH,12,24,269.65
3552-CTCYF,63,104.8,6597.25
3557-HTYWR,47,74.05,3496.30
3563-SVYLG,68,62.65,4375.80
3566-CAAYU,64,49.85,3210.35
3569-JFODW,72,90.95,6652.45
3580-GICBM,61,24.2,1445.20
3580-HYCSP,72,110.3,7966.90
3597-YASZG,70,104.45,7349.35
3612-YUNGG,64,109.2,6741.15
3612-YVGSJ,71,24.45,1681.60
3617-XLSGQ,66,109.25,7082.50
3620-EHIMZ,52,19.35,1031.70
3635-JBPSG,15,38.8,603.00
3635-QQRQD,62,20.05,1201.65
3638-VBZTA,68,86.5,5882.75
3638-WEABW,58,59.9,3505.10
3642-BYHDO,71,19.9,1389.35
3646-ITDGM,56,19.7,1051.90
3649-JPUGY,72,88.6,6201.95
3654-ARMGP,61,88.65,5321.25
3655-SNQYZ,69,113.25,7895.15
3662-FXJFO,54,20.5,1035.70
3669-WHAFY,71,115.15,8078.10
3678-MNGZX,68,19.95,1377.70
3696-DFHHB,68,25.5,1821.80
3704-IEAXF,72,53.65,3784.00
3705-RHRFR,69,99.15,6875.35
3716-LRGXK,60,101.15,6067.40
3717-FDJFU,5,20.45,106.90
3719-TDVQB,54,18.95,1031.10
3720-DBRWL,51,83.85,4307.10
3721-WKIIL,27,19.6,561.15
3726-TBHQT,71,114,8175.90
3729-OWRVL,65,110.35,7246.15
3745-HRPHI,66,54.65,3632.00
3764-MNMOI,46,19.2,908.15
3766-EJLFL,68,109.05,7508.55
3768-VHXQO,67,24.85,1583.50
3769-MHZNV,33,20.1,670.35
3774-VBNXY,64,20.2,1277.75
3777-XROBG,58,19.55,1079.65
3779-OSWCF,71,93.2,6506.15
3785-KTYSH,53,24.6,1279.00
3795-CAWEX,70,116.55,8152.30
3795-GWTRD,63,75.55,4707.85
3796-ENZGF,63,67.25,4234.15
3810-DVDQQ,72,117.6,8308.90
3810-PJUHR,70,25.35,1715.15
3812-LRZIR,27,24.5,761.95
3813-DHBBB,67,50.95,3521.70
3831-YCPUO,72,109.5,7854.90
3836-FZSDJ,71,24.85,1901.00
3841-NFECX,71,96.35,6766.95
3865-ZFZIB,19,19.65,358.15
3870-SPZSI,70,113.05,7869.05
3873-WOSBC,67,25.6,1784.90
3882-IYOIJ,60,115.25,6758.45
3884-UEBXB,67,36.15,2434.45
3889-VWBID,68,82.85,5776.45
3891-NLXJB,37,40.55,1390.85
3892-NXAZG,72,114.05,8289.20
3896-ZVNET,24,24.7,571.75
3902-MIVLE,63,75.7,4676.70
3908-MKIMJ,68,41.95,2965.75
3910-MRQOY,72,19.4,1496.45
3911-RSNHI,71,61.4,4310.35
3913-FCUUW,72,70.45,5165.70
3913-RDSJZ,64,25.55,1714.95
3933-DQPWX,50,39.7,1932.75
3938-YFPXD,72,84.3,5997.10
3948-KXDUF,66,68.75,4447.55
3957-SQXML,34,24.95,894.30
3963-RYFNS,72,116.45,8013.55
3967-KXAPS,72,92.3,6719.90
3967-VQOGC,67,24.9,1680.25
3970-XGJDU,62,19.2,1123.65
3973-SKMLN,71,19.9,1355.10
3976-HXHCE,72,19.3,1414.80
3978-YNKDD,19,20.85,467.50
3996-ZNWYK,71,19.8,1388.45
4006-HKYHO,63,86.7,5309.50
4012-YCFAI,60,61.35,3766.20
4016-BJKTZ,25,108.9,2809.05
4018-PPNDW,61,24.1,1551.60
4024-CSNBY,72,94.25,6849.75
4039-PIMHX,49,49.8,2398.40
4043-MKDTV,71,105.25,7291.75
4049-ZPALD,64,99,6375.80
4056-QHXHZ,72,107.45,7576.70
4057-FKCZK,58,82.5,4828.05
4075-WKNIU,0,73.35, 
4077-HWUYD,72,87.55,6463.15
4079-VTGLK,30,74.85,2181.75
4079-WWQQQ,72,65.55,4807.45
4086-WITJG,71,19.7,1301.10
4102-HLENU,67,65.65,4322.85
4111-BNXIF,67,59.55,4103.90
4115-BNPJY,29,75.55,2054.40
4119-ZYPZY,71,106.8,7623.20
4129-LYCOI,67,104,7039.05
4137-JOPHL,50,89.7,4304.50
4139-DETXS,72,64.45,4528.00
4159-NAAIX,63,97.45,6253.00
4176-RELJR,67,25.1,1672.15
4178-EGMON,70,88,5986.45
4188-PCPIG,57,70.35,4124.65
4193-IBKSW,72,24.75,1769.60
4194-FJARJ,54,60,3273.95
4195-PNGZS,69,24.45,1718.20
4199-QHJNM,67,102.9,6989.70
4213-HKBJO,33,25.7,826.10
4231-LZUYM,72,25.65,1887.00
4254-QPEDE,52,66.25,3330.10
4277-BWBML,72,19.95,1322.85
4291-TPNFG,72,82.3,5980.55
4293-ETKAP,65,79.4,5071.90
4295-YURET,56,72.6,4084.35
4299-OPXEJ,56,19.55,1080.55
4304-TSPVK,68,114.9,7843.55
4304-XUMGI,50,75.15,3822.45
4312-GVYNH,70,49.85,3370.20
4312-KFRXN,72,25.4,1710.90
4334-HOWRP,72,64.95,4546.00
4335-BSMJS,62,25.8,1563.95
4335-UPJSI,24,19.75,498.10
4355-HBJHH,67,79.7,5293.40
4361-FEBGN,48,20.15,982.95
4366-CTOUZ,50,100.2,5038.45
4367-NUYAO,0,25.75, 
4376-KFVRS,72,114.05,8468.20
4378-MYPGO,68,105.25,7173.15
4381-MHQDC,47,65,2879.90
4389-UEFCZ,72,105.5,7544.00
4393-GEADV,70,114.75,7842.30
4419-UJMUS,69,99.35,6856.45
4443-EMBNA,71,24.75,1836.90
4452-ROHMO,15,19.6,331.60
4458-KVRBJ,59,25,1510.50
4472-LVYGI,0,52.55, 
4475-NVTLU,45,19.2,903.70
4500-HKANN,23,59.7,1414.20
4513-CXYIX,71,80.7,5676.00
4521-WFJAI,56,25.95,1444.05
4526-EXKKN,40,24.6,973.95
4526-RMTLL,8,76.15,645.80
4534-WGCIR,58,25.15,1509.90
4565-NLZBV,71,24.65,1710.15
4568-KNYWR,52,63.25,3342.45
4573-JKNAE,12,19.35,212.30
4589-IUAJB,70,24.25,1724.15
4609-KNNWG,27,19.9,550.10
4615-PIVVU,42,66.5,2762.75
4616-ULAOA,65,110.8,7245.90
4622-YNKIJ,33,88.95,3027.65
4625-LAMOB,44,20.4,905.55
4625-XMOYM,72,26.25,1988.05
4627-MIHJH,69,110.25,7467.55
4635-EJYPD,32,18.95,613.95
4641-FROLU,30,19.3,602.90
4648-YPBTM,53,73.9,3958.25
4652-ODEVH,45,24.45,1088.25
4654-ULTTN,70,74.8,5315.80
4656-CAURT,69,23.95,1713.10
4664-NJCMS,33,59.55,2016.30
4670-TABXH,72,109.75,7758.90
4671-VJLCL,63,79.85,4861.45
4674-HGNUA,71,89.9,6457.15
4676-WLUHT,54,46.2,2431.95
4683-WYDOU,62,107.6,6912.70
4686-GEFRM,70,98.7,6858.90
4698-KVLLG,51,19.6,967.90
4701-LKOZD,70,89.75,6367.20
4703-MQYKT,21,19.6,390.40
4707-MAXGU,72,25.85,1872.20
4713-ZBURT,45,99.7,4634.35
4717-GHADL,50,79.6,4024.20
4718-WXBGI,72,91.95,6614.90
4723-BEGSG,72,86.65,6094.25
4735-BJKOU,40,20.15,804.85
4737-AQCPU,72,72.1,5016.65
4737-HOBAX,63,79.8,5034.05
4742-TXUEX,47,19.3,890.50
4751-ERMAN,72,75.4,5480.25
4774-HHGGS,30,19.05,637.55
4778-IZARL,63,110.1,6705.70
4779-ZGICK,48,23.55,1173.35
4782-OSFXZ,71,82.7,5831.20
4785-FCIFB,61,24.4,1417.90
4804-NCPET,19,20.2,387.40
4806-DXQCE,70,113.65,7714.65
4807-IZYOZ,51,20.65,1020.75
4817-KEQSP,71,19.85,1326.35
4821-WQOYN,72,20.1,1326.25
4822-LPTYJ,72,103.75,7346.20
4825-FUREZ,42,20.25,835.50
4827-DPADN,72,83.3,6042.70
4829-ZLJTK,72,112.4,8046.85
4835-YSJMR,39,49.8,1971.15
4836-WNFNO,72,25,1849.20
4837-PZTIC,47,41.9,1875.25
4849-PYRLQ,56,73.25,4054.20
4853-RULSV,70,104,7250.15
4854-SSLTN,2,59.5,130.50
4859-ZSRDZ,58,55.5,3166.90
4872-JCVCA,71,47.6,3377.80
4878-BUNFV,42,20.7,828.85
4883-KCPZJ,22,25.25,555.40
4884-LEVMQ,39,20.45,790.00
4884-TVUQF,57,101.3,5779.60
4891-NLUBA,61,61.45,3751.15
4896-CPRPF,35,25.45,809.25
4900-MSOMT,72,80.2,5714.20
4909-JOUPP,72,109.7,7898.45
4915-BFSXL,70,68.95,4858.70
4922-CVPDX,26,73.5,1905.70
4933-BSAIP,40,19.1,780.10
4940-KHCWD,60,37.7,2288.70
4950-HKQTE,22,26.25,605.90
4957-SREEC,70,20.35,1458.10
4967-WPNCF,72,63.7,4464.80
4973-MGTON,71,84.4,5969.30
4979-HPRFL,56,24.15,1402.25
4990-ALDGW,57,20.75,1118.80
4992-LTJNE,72,55.3,3983.60
4994-OBRSZ,14,76.1,1054.80
5003-XZWWO,71,84.2,5956.85
5006-MXVRN,39,20.7,762.45
5010-IPEAQ,67,54.2,3623.95
5013-SBUIH,50,109.65,5551.15
5014-GSOUQ,13,19.95,243.65
5038-ETMLM,72,113.65,8182.75
5044-XDPYX,51,25.5,1281.25
5055-BRMNE,67,106.7,7009.50
5057-RKGLH,9,20.35,191.10
5063-IUOKK,13,19.75,265.75
5067-WJEUN,67,54.2,3838.20
5075-JSDKI,59,24.45,1493.10
5089-IFSDP,58,109.45,6144.55
5090-EMGTC,59,100.05,6034.85
5093-FEGLU,47,19.65,921.55
5095-ETBRJ,55,56.8,3112.05
5110-CHOPY,60,53.6,3237.05
5115-GZDEL,72,67.2,4671.70
5115-SQAAU,69,25.6,1673.40
5117-ZSMHQ,71,89.9,6342.70
5124-EOGYE,31,20.45,638.55
5126-RCXYW,54,46,2424.05
5129-HHMZC,43,86.45,3574.50
5130-YPIRV,62,72,4284.20
5135-GRQJV,72,114.5,8331.95
5135-RDDQL,63,50.65,3221.25
5146-YYFRZ,67,19.95,1311.75
5148-HKFIR,20,19.7,406.95
5148-ORICT,64,74.35,4759.55
5153-LXKDT,68,110.2,7467.50
5158-RIVOP,11,20.9,202.30
5161-UBZXI,69,106.35,7261.75
5161-XEUVX,37,94.3,3460.95
5171-EPLKN,27,19.85,470.00
5172-RKOCB,72,108.95,7875.00
5176-LMJXE,47,20.55,945.70
5176-OLSKT,66,66.9,4370.25
5181-OABFK,56,61.3,3346.80
5183-KLYEM,72,112.75,8192.60
5193-QLVZB,63,104.75,6536.50
5197-LQXXH,71,83.3,5894.50
5197-YPYBZ,12,25.25,274.70
5208-FVQKB,70,67.95,4664.15
5214-NLTIT,72,90.8,6511.80
5220-AGAAX,68,24,1664.30
5227-JSCFE,71,46.35,3353.40
5229-DTFYB,41,98.8,3959.15
5231-FIQPA,41,19.85,810.45
5232-NXPAY,47,74.45,3510.30
5236-PERKL,57,112.95,6465.00
5242-UOWHD,45,20.35,929.20
5248-KWLAR,71,90.35,6325.25
5248-RPYWW,72,90.15,6716.45
5248-YGIJN,72,90.25,6369.45
5249-QYHEX,40,24.8,1024.70
5256-SKJGO,64,54.6,3423.50
5271-YNWVR,68,113.15,7856.00
5275-PMFUT,72,64.8,4719.75
5278-PNYOX,49,100.65,4917.75
5286-YHCVC,72,104.8,7470.10
5296-BFCYD,46,20.1,936.85
5296-PSYVW,72,24.55,1750.70
5304-EFJLP,72,111.65,8022.85
5310-NOOVA,46,19.95,907.05
5317-FLPJF,66,61.35,4193.40
5318-YKDPV,43,79.15,3566.60
5320-BRKGK,58,75.8,4415.75
5321-NTRKC,66,79.85,5234.95
5322-TEUJK,71,114.6,8100.25
5322-ZSMZY,31,25.75,755.60
5327-CNLUQ,48,96.9,4473.45
5327-XOKKY,72,73.45,5329.00
5329-KRDTM,72,77.35,5396.25
5334-AFQJB,72,25.1,1789.90
5338-YHWYT,37,61.45,2302.35
5346-BZCHP,69,19.4,1346.20
5356-KZCKT,58,24.45,1513.60
5360-LJCNJ,71,105.15,7555.00
5360-XGYAZ,72,65.65,4664.50
5375-XLDOF,69,114.35,7665.80
5377-NDTOU,71,91.05,6293.75
5394-MEITZ,60,80.6,4946.70
5397-NSKQG,67,50.9,3281.65
5406-KGRMX,71,24.55,1719.15
5414-OFQCB,57,90.45,5229.80
5440-FLBQG,69,108.4,7318.20
5442-PPTJY,12,19.7,258.35
5451-YHYPW,72,115.75,8443.70
5453-YBTWV,70,101.1,6994.80
5456-ITGIC,72,64.45,4641.10
5457-COLHT,69,80.65,5542.55
5458-CQJTA,65,74.8,4820.15
5465-BUBFA,41,19.3,772.40
5469-NUJUR,19,19.95,373.50
5472-CVMDX,68,38.9,2719.20
5480-XTFFL,31,21,697.70
5485-ITNPC,66,85.9,5595.30
5494-WOZRZ,71,82,5999.85
5495-GPSRW,20,19.7,419.40
5514-YQENT,41,111.15,4507.15
5529-GIBVH,47,20.15,1046.20
5542-NKVRU,42,20.75,844.45
5549-ZGHFB,50,24.95,1261.45
5567-GZKQY,58,20.3,1131.50
5574-NXZIU,63,109.2,7049.75
5583-EJXRD,44,54.05,2375.20
5598-IKHQQ,72,25.45,1866.45
5605-XNWEN,72,25,1802.55
5614-DNZCE,58,64.9,3795.45
5622-UEJFI,35,25.4,949.80
5641-DMBFJ,58,84.3,4916.40
5647-URDKA,8,19.7,130.25
5656-JAMLX,62,19.85,1253.65
5656-MJEFC,42,48.15,2032.30
5663-QBGIS,72,98.35,6929.40
5666-MBJPT,65,25.1,1725.00
5668-MEISB,72,106.1,7657.40
5671-RQRLP,70,75.65,5411.40
5676-CFLYY,71,73.35,5154.50
5680-LQOGP,68,82.45,5646.60
5684-FJVYR,72,90.35,6563.40
5693-PIPCS,41,99.65,4220.35
5696-CEIQJ,67,103.15,6895.50
5696-EXCYS,17,19.45,369.05
5696-JVVQY,48,70.1,3238.40
5699-BNCAS,71,24.65,1766.75
5702-KVQRD,71,82.55,5832.65
5707-ZMDJP,53,69.7,3729.60
5709-LVOEQ,0,80.85, 
5716-EZXZN,65,99.05,6416.70
5726-CVNYA,8,19.85,146.60
5727-MYATE,72,90.8,6397.60
5730-DBDSI,66,19.7,1253.80
5736-YEJAX,69,79.45,5502.55
5743-KHMNA,71,25.55,1898.10
5748-RNCJT,69,106.5,7348.80
5751-USDBL,46,81,3846.35
5762-TJXGK,52,58.75,3038.55
5766-FTRTS,72,84.45,6033.10
5781-BKHOP,72,100.65,7334.05
5781-RFZRP,71,73.5,5357.75
5787-KXGIY,72,19.3,1304.80
5788-YPOEG,34,84.75,2839.45
5792-JALQC,52,59.85,3103.25
5793-YOLJN,55,21,1210.30
5795-KTGUD,68,110.8,7553.60
5799-JRCZO,63,19.5,1215.10
5803-NQJZO,72,67.8,4804.65
5804-JMYIO,39,19.75,757.95
5816-JMLGY,70,80.4,5717.85
5821-MMEIL,57,19.9,1115.60
5840-NVDCG,16,68.25,1114.85
5845-BZZIB,35,20.1,655.30
5846-ABOBJ,71,24.45,1730.65
5846-NEQVZ,71,70.85,4973.40
5848-FHRFC,68,20.05,1386.90
5854-KSRBJ,70,25.4,1782.05
5855-EIBDE,49,106.65,5174.35
5859-HZYLF,26,19.15,515.75
5862-BRIXZ,46,60.75,2893.40
5879-HMFFH,72,88.05,6520.80
5884-FBCTL,72,25.1,1857.85
5887-IKKYO,58,94.35,5563.65
5893-KCLGT,72,19.75,1567.00
5893-PYOLZ,56,81.8,4534.45
5902-WBLSE,70,20.15,1411.20
5914-XRFQB,72,115.8,8424.90
5915-ANOEI,70,79.15,5536.50
5930-GBIWP,69,81.5,5553.25
5939-SXWHM,48,26.3,1245.05
5954-BDFSG,72,107.5,7853.70
5965-GGPRW,72,105.25,7609.75
5968-HYJRZ,47,24.55,1160.45
5970-GHJAW,46,19.95,862.40
5980-BDHPY,72,87.1,6230.10
5982-PSMKW,23,91.1,2198.30
5982-XMDEX,65,26.5,1698.55
5989-AXPUC,68,118.6,7990.05
5993-JSUWV,66,61.15,4017.45
5995-LFTLE,58,25.3,1474.35
5996-EBTKM,67,69.9,4615.90
5997-OPVFA,72,89.05,6254.45
5998-DZLYR,61,94.35,5703.00
6000-UKLWI,41,20.15,802.35
6007-TCTST,72,115.8,8476.50
6010-DDPPW,70,25.15,1940.85
6013-BHCAW,61,81,4976.15
6023-GSSXW,69,61.45,4131.20
6024-RUGGH,72,25.2,1798.90
6034-ZRYCV,72,54.2,3937.45
6035-RIIOM,54,97.2,5129.45
6048-NJXHX,41,19.75,899.45
6048-UWKAL,69,105.4,6998.95
6050-FFXES,69,105.35,7240.65
6060-QBMGV,70,19.85,1433.80
6064-ZATLR,27,52.85,1498.65
6080-LNESI,51,24.75,1234.60
6087-YPWHO,72,68.15,4808.70
6103-LIANB,59,99.5,5861.75
6115-ZTBFQ,72,65.5,4919.70
6119-SPUDB,46,38.25,1755.35
6120-RJKLU,62,79.95,4819.75
6122-EFVKN,24,35.75,830.80
6122-LJADA,70,90.15,6237.05
6134-KWTBV,62,23.4,1429.65
6139-ZZRBQ,64,20.05,1198.05
6164-HAQTX,71,53.95,3888.65
6166-YIPFO,72,64.7,4746.05
6169-PGNCD,57,74.3,4166.35
6169-PPETC,35,20.5,759.35
6176-YJWAS,72,97.95,7114.25
6177-PEVRA,48,55.5,2627.35
6181-AXXYF,72,24.75,1859.10
6196-HBOBZ,65,99.35,6347.55
6199-IPCAO,29,26.1,692.55
6203-HBZPA,52,63.9,3334.95
6211-WWLTF,63,99.7,6330.40
6217-KDYWC,57,19.6,1170.55
6234-RAAPL,72,99.9,7251.70
6242-FEGFD,66,96.6,6424.25
6244-BESBM,69,95.2,6671.70
6248-TKCQV,70,80.6,5460.20
6253-GNHWH,71,71.1,5224.95
6257-DTAYD,71,104.15,7365.30
6258-PVZWJ,68,90.8,6302.85
6265-FRMTQ,31,20.4,609.10
6283-GITPX,71,76.9,5522.70
6285-FTQBF,72,25.55,1867.70
6288-CHQJB,54,69.95,3871.85
6292-TOSSS,50,24.9,1195.25
6295-OSINB,72,109.65,7880.25
6297-NOOPG,70,110.5,7752.05
6308-CQRBU,71,109.25,7707.70
6322-PJJDJ,49,94.8,4690.65
6323-AYBRX,59,19.35,1099.60
6339-RZCBJ,48,78.9,3771.50
6339-TBELP,71,86.4,6172.00
6340-DACFT,50,20.55,1070.25
6345-FZOQH,69,19.9,1363.45
6348-SNFUS,72,55.45,4179.20
6349-JDHQP,53,19.85,1049.60
6365-HITVU,71,87.25,6328.70
6368-TZZDT,4,19.5,96.85
6369-MCAKO,68,89.05,6185.80
6370-ZVHDV,61,25.3,1554.90
6371-NZYEG,16,64.25,1024.00
6374-AFWOX,46,65.65,3047.15
6374-NTQLP,72,104.1,7447.70
6384-VMJHP,72,73,5265.20
6386-SZZKH,49,107.95,5293.20
6407-GSJNL,51,24.95,1288.00
6408-WHTEF,72,89.4,6376.55
6418-HNFED,51,83.25,4089.45
6418-PIQSP,62,81,4985.90
6425-JWTDV,48,19.25,855.10
6427-FEFIG,24,78.6,1846.65
6434-TTGJP,10,53.7,521.00
6435-VWCCY,65,92.7,5968.40
6437-UDQJM,72,84.1,6129.65
6439-PKTRR,70,80.7,5617.95
6445-TNRXS,68,114.7,7849.85
6461-SZMCV,71,87.95,6365.35
6463-HHXJR,71,100.5,7030.65
6463-MVYRY,57,69.85,4003.00
6479-SZPLM,36,19.45,754.50
6479-VDGRK,72,85.3,6129.20
6484-LATFU,68,24.55,1657.40
6485-QXWWE,62,26,1638.70
6504-VBLFL,55,58.6,3068.60
6505-OZNPG,6,63.4,348.80
6516-NKQBO,38,81,3084.90
6518-KZXCB,22,25.25,566.50
6518-PPLMZ,53,19.4,1110.35
6519-ZHPXP,72,108.3,7679.65
6522-OIQSX,69,54.95,3772.50
6549-BTYPG,60,60.8,3603.45
6551-VLJMV,34,20.05,679.00
6556-DBKZF,71,76.05,5436.45
6559-ILWKJ,71,49.35,3515.25
6568-POCUI,45,95.2,4285.80
6582-PLFUU,51,19.55,1086.75
6583-SZVGP,48,108.1,5067.45
6585-WCEWR,72,20.35,1354.40
6586-MYGKD,70,76.95,5289.80
6603-QWSPR,46,104.4,4904.20
6603-YRDCJ,33,61.05,2018.40
6609-MXJHJ,30,25.1,789.55
6614-FHDBO,72,109.2,7878.30
6614-YOLAC,71,58.65,4145.25
6614-YWYSC,61,25,1501.75
6616-AALSR,65,104.3,6725.30
6619-RPLQZ,45,20.85,892.15
6621-NRZAK,63,20,1209.25
6625-FLENO,58,20.75,1185.95
6625-IUTTT,67,65.55,4361.55
6631-HMANX,72,85.45,6227.50
6650-BWFRT,72,117.15,8529.50
6651-RLGGM,67,26.3,1688.90
6656-GULJQ,72,83.55,6093.30
6670-MFRPK,69,79.2,5420.65
6680-NENYN,43,104.6,4759.85
6681-ZSEXG,56,59.5,3389.25
6685-XSHHU,60,20.95,1270.55
6691-CCIHA,62,84.95,5150.55
6695-AMZUF,70,86.45,5950.20
6695-FRVEC,67,60.4,3953.70
6696-YDAYZ,16,20.5,290.55
6698-OXETB,11,20.4,231.45
6701-DHKWQ,61,51.35,3244.40
6701-YVNQG,72,88.7,6301.70
6719-FGEDO,72,97,7104.20
6723-CEGQI,65,45.25,2933.95
6725-TPKJO,44,20.05,845.25
6726-NNFWD,71,89.45,6435.25
6727-IOTLZ,14,81.95,1181.75
6732-VAILE,70,85.95,5931.75
6733-LRIZX,35,108.95,4025.50
6734-FQAJX,67,105.05,7171.70
6734-JDTTV,65,19.85,1267.05
6734-PSBAW,72,23.55,1723.95
6741-QRLUP,63,80.3,4995.35
6749-UTDVX,72,103.65,7634.80
6754-LZUKA,61,80.9,4932.50
6762-NSODU,46,19.4,958.15
6762-QVYJO,58,59.75,3624.35
6766-HFKLA,56,103.2,5744.35
6770-UAYGJ,49,25.25,1211.65
6797-LNAQX,70,98.3,6859.50
6804-GDMOI,61,106.6,6428.40
6813-GZQCG,45,24.65,1171.30
6828-HMKWP,12,21.05,262.05
6837-HAEVO,69,105,7297.75
6838-YAUVY,54,95.1,5064.85
6848-HJTXY,64,19.45,1208.60
6855-VLGOS,72,20.55,1432.55
6857-TKDJV,67,24.65,1620.45
6859-QNXIQ,72,113.1,8248.50
6867-ACCZI,24,52.5,1208.15
6870-ZWMNX,70,76.1,5264.25
6885-PKOAM,71,85.75,6223.80
6892-BOGQE,71,20.9,1493.20
6897-RWMUB,61,68.05,4158.25
6898-RBTLU,49,79.3,3902.45
6900-RBKER,52,89.45,4577.75
6901-GOGZG,60,84.95,4984.85
6904-JLBGY,72,117.35,8436.25
6916-HIJSE,65,84.85,5459.20
6917-FIJHC,72,26,1776.00
6919-ELBGL,72,114.95,8196.40
6923-AQONU,23,20.9,454.00
6925-BAYGL,53,25.1,1275.60
6928-ONTRW,72,19.7,1379.80
6950-TWMYB,54,79.95,4362.05
6953-PBDIN,70,72.95,5265.55
6961-MJKBO,47,20.45,943.00
6963-EZQEE,70,88.55,6306.50
6963-KQYQB,70,24.05,1764.75
6976-BWGLQ,72,25.2,1787.35
6980-IMXXE,69,20.2,1412.65
6990-YNRIO,65,108.65,6937.95
6993-YCOBK,60,110.6,6586.85
6993-YGFJV,69,112.55,7806.50
6997-UVGOX,71,85.45,6029.90
6999-CHVCF,68,102.1,7149.35
7005-CYUIL,71,99.4,7168.25
7008-LZVOZ,66,25.3,1672.35
7010-BRBUU,72,24.1,1734.65
7014-ZZXAW,71,24.25,1732.95
7017-VFHAY,61,115.1,7008.15
7018-FPXHH,56,59.8,3457.45
7021-XSNYE,7,49.65,305.55
7025-WCBNE,47,59.6,2754.00
7030-FZTFM,72,110.9,7922.75
7033-CLAMM,48,20.2,1027.25
7036-TYDEC,69,104,7028.50
7037-MTYVW,38,85.4,3297.00
7054-DMVAS,54,65.3,3512.90
7055-JCGNI,70,111.95,7795.95
7064-JHXCE,62,20.05,1263.90
7083-MIOPC,72,20.25,1566.90
7096-ZNBZI,72,26.45,1914.50
7101-HRBLJ,72,83.7,6096.90
7109-CQYUZ,52,89.25,4652.40
7110-BDTWG,71,47.05,3263.60
7113-HIPFI,66,65.85,4097.05
7114-AEOZE,60,19.85,1128.10
7115-IRDHS,72,24.65,1830.05
7131-ZQZNK,60,59.85,3590.20
7134-HBPBS,72,108.1,7774.05
7138-GIRSH,50,69.5,3418.20
7139-JZFVG,60,60.5,3694.45
7157-SMCFK,61,19.75,1124.20
7159-NOKYQ,67,93.15,6368.20
7161-DFHUF,71,23.85,1672.10
7162-WPHPM,58,71.6,4230.25
7164-BPTUT,57,89.55,5012.35
7167-PCEYD,67,19.8,1311.30
7169-YWAMK,72,68.4,4855.35
7173-TETGO,72,78.5,5602.25
7176-WRTNX,70,114.95,7711.25
7182-OVLBJ,62,101.15,6638.35
7191-ADRGF,44,54.3,2390.45
7196-LIWRH,6,19.55,124.45
7197-VOJMM,67,69.2,4671.65
7205-BAIAD,40,20.6,827.30
7208-PSIHR,70,104.3,7188.50
7225-IILWY,68,25.75,1686.15
7233-PAHHL,66,84,5714.25
7242-EDTYC,44,19.55,819.95
7253-UVNDW,46,54.35,2460.15
7255-SSFBC,72,112.25,8041.65
7267-FRMJW,25,20.1,486.05
7268-WNTCP,62,20.45,1297.35
7274-CGTOD,62,43.7,2618.30
7277-KAMWT,13,20,268.45
7284-ZZLOH,45,53.3,2296.25
7293-LSCDV,60,19.25,1103.25
7301-ABVAD,72,86.6,6350.50
7306-YDSOI,69,59.75,4069.90
7317-GGVPB,71,108.6,7690.90
7321-KKSDU,32,20.5,696.80
7321-ZNSLA,13,40.55,590.35
7322-OCWHC,72,93.05,6735.05
7328-ZJAJO,59,19.5,1222.65
7337-CINUD,8,19.5,159.35
7340-KEFQE,51,34.2,1782.00
7349-ALMUX,37,65.6,2313.80
7359-SSBJK,64,70.2,4481.00
7359-WWYJV,72,114.45,8375.05
7375-WMVMT,71,95.5,6707.15
7398-HPYZQ,71,90.55,6404.00
7399-QHBJS,72,66.75,4760.30
7401-JIXNM,54,91.3,4965.00
7408-OFWXJ,72,89.8,6510.45
7416-CKTEP,57,19.6,1134.25
7427-AUFPY,54,19.65,1008.70
7446-KQISO,45,109.75,4900.65
7463-IFMQU,72,20.05,1423.65
7469-LKBCI,16,18.95,326.80
7473-ZBDSN,14,18.8,255.55
7480-SPLEF,69,26,1796.55
7492-TAFJD,7,38.55,280.00
7493-GVFIO,57,20.55,1252.85
7501-IWUNG,61,73.8,4616.05
7503-EPSZW,64,24.05,1559.15
7503-MIOGA,72,89.85,6697.35
7508-DQAKK,64,86.4,5442.05
7515-LODFU,69,20.3,1356.30
7516-GMHUV,50,105.05,5163.30
7519-JTWQH,69,110.5,7455.45
7524-VRLPL,69,74.1,5031.00
7527-QNRUS,17,25.15,412.60
7552-KEYGT,27,19.55,520.55
7554-NEWDD,10,25.7,251.60
7558-IMLMT,67,20.8,1411.90
7560-QJAVJ,70,79.6,5589.45
7564-GHCVB,72,79.05,5730.70
7566-DSRLQ,72,110.15,7998.80
7569-NMZYQ,72,118.75,8672.45
7570-WELNY,68,84.7,5711.05
7572-KPVKK,62,104.05,6590.50
7579-KKLOE,71,91.25,6589.60
7596-IIWYC,27,20.25,538.20
7596-ZYWBB,65,59.6,3739.80
7599-NTMDP,62,48.7,3008.55
7601-DHFWZ,48,24,1183.05
7601-GNDYK,35,19.6,686.95
7602-DBTOU,71,19.6,1416.50
7602-MVRMB,72,110.45,8058.85
7605-BDWDC,31,49.85,1520.10
7606-BPHHN,72,19.8,1468.75
7608-RGIRO,62,24.4,1413.00
7609-YBPXG,54,87.1,4735.20
7622-FWGEW,56,85.65,4824.45
7633-MVPUY,57,59.75,3450.15
7634-HLQJR,47,20.05,1016.70
7639-LIAYI,52,79.75,4217.80
7639-OPLNG,70,79.25,5731.85
7641-TQFHN,39,100.55,3895.35
7643-RCHXS,63,19.35,1263.85
7644-OMVMY,0,19.85, 
7647-GYYKX,54,20.35,1092.35
7649-SIJJF,71,80.1,5585.40
7663-CUXZB,59,113.75,6561.25
7663-YJHSN,72,103.95,7556.90
7665-NKLAV,36,40.65,1547.35
7666-WKRON,39,80.45,3201.55
7673-BQGKU,69,20.15,1337.50
7684-XSZIY,72,24.3,1643.25
7688-AWMDX,71,54.5,3778.20
7691-XVTZH,68,89.95,5974.30
7695-PKLCZ,68,20.5,1424.90
7696-CFTAT,37,19.8,726.10
7710-JSYOA,69,93.3,6398.05
7711-GQBZC,71,24.7,1810.55
7717-BICXI,60,20.55,1205.05
7722-VJRQD,72,60.95,4549.05
7729-XBTWX,66,19.75,1344.50
7730-CLDSV,72,98.65,7129.45
7740-BTPUX,55,113.6,6292.70
7758-UJWYS,34,40.55,1325.85
7762-URZQH,66,106.05,6981.35
7765-LWVVH,72,95.1,6843.15
7771-CFQRQ,47,63.8,3007.25
7771-ZONAT,22,56.75,1304.85
7779-ORAEL,45,75.15,3480.35
7781-HVGMK,72,65.2,4784.45
7799-LGRDP,43,25.7,1188.20
7815-PDTHL,35,20.2,684.40
7816-VGHTO,6,40.55,217.50
7826-VVKWT,24,96.55,2263.45
7850-THJMU,26,19.65,494.90
7860-KSUGX,72,64.45,4720.00
7860-UXCRM,63,74.5,4674.55
7868-TMWMZ,60,110,6668.35
7873-CVMAW,72,88.55,6362.35
7876-DNYAP,69,19.8,1436.95
7898-PDWQE,71,80.4,5727.15
7921-BEPCI,72,59.75,4265.00
7923-IYJWY,67,116.1,7839.85
7929-SKFGK,70,114.3,8244.30
7941-RCJOW,65,19.55,1218.65
7945-PRBVF,35,21.45,705.45
7951-QKZPL,33,24.5,740.30
7954-MLBUN,31,99.45,3109.90
7963-SHNDT,52,39.1,1982.10
7969-FFOWG,65,19.9,1292.60
7971-HLVXI,72,84.5,6130.85
7973-DZRKH,66,90.95,5930.05
7975-JMZNT,66,91.7,6075.90
7977-HXJKU,21,19.6,397.00
7980-MHFLQ,72,24.9,1859.20
7996-BPXHY,13,25,332.50
7996-MHXLW,66,25.15,1683.60
7998-WNZEM,71,80.6,5708.20
8007-YYPWD,15,25.05,369.10
8015-IHCGW,72,115.5,8425.15
8024-XNAFQ,72,107.4,7748.75
8028-PNXHQ,62,24.25,1424.60
8029-XYPWT,71,115.05,8016.60
8039-ACLPL,72,68.75,4888.20
8039-EQPIM,69,60.25,4055.50
8041-TMEID,63,108.5,6991.90
8043-PNYSD,63,19.55,1245.60
8046-DNVTL,62,38.6,2345.55
8050-DVOJX,49,81.35,4060.90
8060-HIWJJ,64,86.55,5632.55
8067-NIOYM,24,21.1,490.65
8069-RHUXK,67,35.7,2545.70
8071-SBTRN,70,111.15,7737.55
8085-MSNLK,62,113.95,6891.40
8089-UZWLX,71,104.05,7413.55
8092-NLTGF,72,24.75,1777.60
8098-TDCBU,42,25.25,1108.20
8099-MZPUJ,48,111.8,5443.65
8100-PNJMH,68,88.85,6132.70
8106-GWQOK,38,60,2193.20
8107-RZLNV,72,106.3,7565.35
8125-QPFJD,72,84.9,6065.30
8129-GMVGI,56,20.05,1090.10
8143-ETQTI,23,19.65,451.55
8144-DGHXP,54,80.6,4299.95
8146-QQKZH,71,81.85,5924.40
8148-NLEGT,42,22.95,1014.25
8148-WOCMK,8,19.6,125.00
8152-VETUR,72,97.7,6869.70
8164-OCKUJ,59,20.6,1286.00
8165-CBKXO,66,56.75,3708.40
8165-ZJRNM,72,23.75,1679.25
8166-ZZTFS,66,80.55,5265.10
8169-SAEJD,69,56.55,3952.65
8173-RXAYP,24,19.7,452.55
8174-LNWMW,31,20.9,689.35
8174-TBVCF,70,94.8,6859.05
8181-YHCMF,68,60.3,4109.00
8197-BFWVU,72,93.25,6688.95
8200-LGKSR,71,83.2,6126.10
8204-YJCLA,72,64.8,4732.35
8205-VSLRB,70,77.3,5498.20
8207-DMRVL,72,114.55,8306.05
8207-VVMYB,70,26,2006.95
8208-EUMTE,16,54.85,916.15
8215-NGSPE,42,20,833.55
8216-AZUUZ,42,100.4,4303.65
8218-FFJDS,72,86.4,6058.95
8219-VYBVI,39,25,1004.35
8221-HVAYI,35,69.15,2490.15
8224-KDLKN,72,25,1738.90
8229-BUJHX,71,20.5,1500.95
8232-CTLKO,66,59.75,3996.80
8232-UTFOZ,69,19.95,1399.35
8234-GSZYK,43,26.45,1110.05
8237-ULIXL,72,24.85,1871.85
8242-PDSGJ,70,39.15,2692.75
8261-GWDBQ,60,116.05,6925.90
8263-QMNTJ,72,115.55,8425.30
8265-HKSOW,72,107.45,7658.30
8285-ABVLB,70,19.85,1328.35
8292-ITGYJ,45,24.65,1138.80
8295-KMENE,59,76.45,4519.50
8309-PPCED,72,110.45,7982.50
8311-UEUAB,67,75.5,5229.45
8313-AFGBW,47,73.6,3522.65
8314-HTWVE,7,19.85,144.15
8316-BBQAY,65,59.95,3921.10
8336-TAVKX,72,78.45,5682.25
8338-QIUNR,72,66.5,4811.60
8345-MVDYC,45,81.65,3618.70
8347-GDTMP,64,19.45,1225.65
8361-LBRDI,58,24.35,1423.85
8374-UULRV,72,86.05,6309.65
8380-MQINP,55,20.3,1079.05
8388-DMKAE,8,20.25,174.65
8390-FESFV,62,84.5,5193.20
8398-TBIYD,72,84.7,6185.15
8402-OOOHJ,41,20.65,835.15
8404-VIOMB,66,62.5,4136.40
8413-YNHNV,69,90.65,6322.10
8414-OOEEL,66,79.5,5196.10
8434-PNQZX,42,78.45,3373.40
8434-VGEQQ,61,20.55,1305.95
8441-SHIPE,67,25.6,1790.35
8450-LUGUK,37,24.1,861.85
8454-AATJP,72,115.05,8405.00
8464-EETCQ,57,18.8,1094.35
8465-SBRXP,38,94.9,3616.25
8466-PZBLH,67,104.6,6885.75
8468-FZTOE,72,74.35,5237.40
8480-PPONV,62,115.55,7159.05
8510-TMWYB,54,59.8,3246.45
8513-OLYGY,72,115.8,8332.15
8514-VZHEB,59,19.5,1147.85
8515-OCTJS,25,24.75,692.10
8532-UEFWH,52,25.75,1345.85
8540-ZQGEA,54,20.05,1102.40
8544-JNBOX,72,20.8,1521.20
8559-WNQZS,1,20.45,20.45
8565-WUXZU,72,84.8,6141.65
8571-ZCMCX,47,60,2768.65
8577-QSOCG,38,20.2,746.05
8580-QVLOC,72,92.45,6440.25
8587-XYZSF,67,50.55,3260.10
8590-YFFQO,70,64.95,4523.25
8591-TKMZH,59,111.1,6555.20
8606-CIQUL,72,115.75,8399.15
8606-OEGQZ,18,25.3,454.65
8612-GXIDD,12,25.4,313.00
8619-IJNDK,71,64.05,4492.90
8626-PTQGE,69,60.05,4176.70
8626-XHBIE,56,24.8,1424.20
8628-MFKAX,72,116.75,8277.05
8630-QSGXK,51,75.2,3901.25
8631-NBHFZ,66,79.4,5154.60
8639-NHQEI,72,95.9,6954.15
8645-KOMJQ,69,81.95,5601.40
8659-IOOPU,71,100.45,7159.70
8661-BOYNW,72,84.4,6096.45
8670-ERCJH,72,113.4,8164.10
8670-MEFCP,36,92.9,3379.25
8690-ZVLCL,68,88,6161.90
8701-DGLVH,51,20.45,1042.65
8707-HOEDG,70,110.2,7689.80
8711-LOBKY,59,19.85,1188.25
8722-PRFDV,71,77.55,5574.35
8727-JQFHV,57,20.75,1123.15
8727-XDPUD,37,35.8,1316.90
8735-SDUFN,72,24.3,1778.70
8747-UDCOI,65,19.35,1319.95
8749-TZYEC,72,24.8,1874.30
8750-QWZAJ,70,19.8,1378.75
8755-OGKNA,57,19.5,1167.60
8766-PAFNE,71,79.1,5564.85
8774-GSBUN,72,25.4,1797.10
8777-MBMTS,65,105.85,6725.50
8780-IHCRN,63,24.65,1574.50
8780-YRMTT,66,47.4,3177.25
8792-AOROI,8,65.5,564.35
8807-OPMBM,55,25.65,1388.00
8809-RIHDD,72,103.4,7372.65
8809-XKHMD,72,100.55,7325.10
8819-WFGGJ,68,54.1,3794.50
8819-ZBYNA,58,109.1,6393.65
8823-RLPWL,72,110.65,8065.65
8838-GPHZP,63,20.6,1298.70
8853-TZDGH,72,111.6,8012.75
8857-CUPFQ,63,19.25,1237.65
8859-AXJZP,39,23.8,903.80
8859-DZTGQ,33,20.35,689.75
8869-LIHMK,64,115.1,7334.05
8871-JLMHM,68,90.2,6297.65
8874-EJNSR,39,25.2,987.95
8879-XUAHX,71,116.25,8564.75
8882-TLVRW,69,39.1,2779.50
8883-ANODQ,68,84.4,5746.75
8896-RAZCR,44,19.9,868.10
8901-UPRHR,72,109.2,7711.45
8908-NMQTX,72,65.6,4566.50
8908-SLFCJ,21,20.85,435.25
8915-NNTRC,72,107.7,7919.80
8917-FAEMR,37,19.85,784.25
8917-SZTTJ,60,19.65,1161.75
8922-NPKBJ,42,19.35,867.30
8929-KSWIH,25,99.3,2513.50
8946-BFWSG,63,25.25,1573.05
8957-THMOA,50,20.15,970.85
8966-KZXXA,36,25.1,930.95
8966-SNIZF,70,19.45,1303.50
8975-SKGRX,71,116.1,8310.55
8984-EYLLL,64,105.25,6823.40
8984-HPEMB,71,118.65,8477.60
8990-YOZLV,69,66.9,4577.90
8999-EXMNO,19,20.15,387.70
8999-YPYBV,45,84.35,3858.05
9000-PLFUZ,60,49.45,2907.55
9018-PCIOK,55,64.75,3617.10
9027-TMATR,43,78.8,3460.30
9028-LIHRP,71,100.2,7209.00
9030-QGZNL,8,20.85,161.65
9031-ZVQPT,72,108.2,7840.60
9053-JZFKV,67,116.2,7752.30
9065-ZCPQX,72,78.85,5763.15
9068-FHQHD,40,20.15,777.35
9068-VPWQQ,61,75.35,4729.30
9070-BCKQP,72,110.15,7881.20
9073-ZZIAY,62,86.1,5215.25
9076-AXYIK,64,102.1,6538.45
9081-WWXKP,47,20.25,873.40
9084-OAYKL,58,20.8,1212.25
9087-EYCPR,60,25,1505.05
9091-WTUUY,64,69.25,4447.75
9102-OXKFY,59,54.15,3116.15
9108-EQPNQ,10,26.1,225.55
9110-HSGTV,69,82.45,5555.30
9114-DPSIA,72,81,5750.00
9127-FHJBZ,72,114,8093.15
9128-CPXKI,59,95.8,5655.45
9135-HSWOC,64,19.7,1274.05
9135-MGVPY,69,84.7,5878.90
9140-CZQZZ,68,79.6,5515.80
9150-KPBJQ,6,19.65,116.85
9152-AMKAK,6,80.25,493.40
9153-BTBVV,71,25,1753.00
9173-IVZVP,53,20.9,1146.05
9174-IHETN,50,70.35,3533.60
9178-JHUVJ,24,24.1,587.40
9194-GFVOI,42,84.35,3571.60
9220-CXRSC,69,61.4,4059.85
9220-ZNKJI,55,88.8,4805.30
9224-VTYID,47,90.5,4318.35
9225-BZLNZ,72,85.25,6083.10
9227-UAQFT,16,19.75,284.35
9227-YBAXE,65,82.5,5215.10
9236-NDUCW,21,35.1,770.40
9239-GZHZE,72,113.65,8124.20
9242-TKFSV,72,65.1,4754.30
9251-AWQGT,48,20,935.90
9257-AZMTZ,52,20.1,1078.75
9258-CNWAC,71,113.65,8166.80
9281-CEDRU,68,64.1,4326.25
9286-BHDQG,72,45.25,3139.80
9297-EONCV,72,91.35,6697.20
9297-FVVDH,57,84.5,4845.40
9298-WGMRW,72,115.5,8312.75
9330-VOFSZ,60,110.8,6640.70
9337-SRRNI,66,25.3,1673.80
9339-FIIJL,72,85.95,6151.90
9348-ROUAI,59,90.3,5194.05
9350-ZXYJC,4,25.3,116.95
9351-HXDMR,72,110.9,8240.85
9359-JANWS,65,58.9,3857.10
9365-CSLBQ,71,24.35,1654.60
9371-BITHB,52,19.85,1070.50
9372-TXXPS,60,59.85,3483.45
9385-EHGDO,35,19.85,739.35
9385-NXKDA,72,82.65,5919.35
9392-XBGTD,27,20.6,581.85
9397-TZSHA,69,24.6,1678.05
9405-GPBBG,64,110.5,7069.25
9412-ARGBX,48,95.5,4627.85
9415-ZNBSX,70,89,6293.20
9418-RUKPH,38,19.95,756.40
9424-CMPOG,9,19.6,197.40
9430-NKQLY,72,25.1,1790.80
9432-RUVSL,48,102.5,4904.25
9435-JMLSX,71,86.1,6045.90
9443-JUBUO,72,65.25,4478.85
9453-PATOS,72,85.1,6155.40
9477-LGWQI,70,80.15,5600.15
9479-HYNYL,71,80.7,5705.05
9481-WHGWY,70,75.35,5437.75
9488-FVZCC,72,79.5,5661.70
9488-FYQAU,63,109.25,6841.40
9489-DEDVP,70,69.2,4872.35
9489-JMTTN,72,89.75,6595.90
9499-XPZXM,72,64.75,4804.75
9500-WBGRP,69,19.1,1268.85
9504-YAZWB,53,20.25,1048.45
9507-HSMMZ,54,20,1149.65
9530-GRMJG,70,84.1,5979.70
9537-JALFH,69,19.9,1356.70
9541-PWTWO,52,80.95,4233.95
9541-ZPSEA,68,80.35,5375.15
9548-LERKT,24,19.75,483.15
9548-LIGTA,61,81.05,4747.65
9548-ZMVTX,72,90.45,6565.85
9553-DLCLU,13,88.95,1161.75
9558-IHEZX,71,106.75,7283.25
9560-BBZXK,36,31.05,1126.35
9565-AXSMR,52,19.2,1054.75
9565-FLVCG,65,69.55,4459.15
9570-KYEUA,64,99.25,6549.45
9574-BOSMD,68,25.4,1620.20
9585-KKMFD,41,20,879.80
9586-JGQKH,64,105.4,6794.75
9588-YRFHY,49,19.9,1022.60
9589-ABEPT,69,92.45,6460.55
9593-CVZKR,56,24.45,1385.85
9610-WCESF,67,43.9,3097.20
9624-EGDEQ,37,19.8,813.30
9625-QNLUX,68,103.25,7074.40
9625-RZFUK,63,19.7,1275.85
9631-RXVJM,35,19.25,677.90
9637-CDTKZ,72,114.1,8086.40
9646-NMHXE,47,19.65,973.10
9648-BCHKM,18,24.65,471.35
9650-VBUOG,38,25.05,963.95
9661-JALZV,58,24.7,1519.00
9668-PUGNU,71,24.5,1816.20
9674-EHPPG,46,40.4,1842.70
9675-ICXCT,72,80.8,5728.55
9680-NIAUV,72,109.7,8129.30
9695-IDRZR,34,116.15,3946.90
9710-NJERN,39,20.15,826.00
9715-SBVSU,14,61.4,815.55
9715-WZCLW,71,97.2,6910.30
9717-IOAAF,27,25.85,788.55
9739-JLPQJ,72,117.5,8670.10
9755-JHNMN,49,67.4,3306.85
9764-REAFF,59,18.4,1057.85
9769-TSBZE,70,66,4891.50
9777-IQHWP,64,93.4,5822.30
9778-OGKQZ,72,92,6782.15
9786-IJYDL,35,113.2,3914.05
9786-YWNHU,63,63.55,4014.20
9788-HNGUT,72,116.95,8594.40
9795-NREXC,64,85,5484.40
9795-SHUHB,66,58.2,3810.80
9796-MVYXX,14,39.7,692.35
9798-OPFEM,46,21.1,937.10
9800-OUIGR,66,20,1374.20
9802-CAQUT,72,109.55,7887.25
9814-AOUDH,53,19.5,1050.50
9823-EALYC,72,80.85,5727.45
9838-BFCQT,72,26.1,1851.45
9845-PEEKO,59,79.2,4590.35
9848-JQJTX,72,100.9,7459.05
9861-PDSZP,72,108.05,7806.60
9866-OCCKE,72,109.75,8075.35
9867-XOBQA,21,53.15,1183.20
9871-ELEYA,34,67.65,2339.30
9880-TDQAC,72,60,4264.00
9885-MFVSU,35,46.35,1662.05
9888-ZCUMM,64,60.05,3845.45
9906-NHHVC,65,53.5,3517.90
9916-AYHTC,48,19.85,916.00
9919-FZDED,72,84.1,5981.65
9924-JPRMC,72,118.2,8547.15
9926-PJHDQ,72,76.8,5468.45
9928-BZVLZ,12,49.85,552.10
9933-QRGTX,60,97.2,5611.75
9938-PRCVK,41,19.7,804.25
9938-TKDGL,68,99.55,6668.00
9945-PSVIP,25,18.7,383.65
9950-MTGYX,28,20.3,487.95
9953-ZMKSM,63,25.25,1559.30
9958-MEKUC,72,103.95,7517.70
9959-WOFKT,71,106.7,7382.25
9964-WBQDJ,71,24.4,1725.40
9972-EWRJS,67,19.25,1372.90
9975-GPKZU,46,19.75,856.50
9993-LHIEB,67,67.85,4627.65
9995-HOTOH,63,59,3707.60